timestamp,open,high,low,close
2019-04-05,466.3,468.6,464.4,467.6
2019-04-08,467.6,471.1,461.9,463.6
2019-04-09,463.6,463.6,456.4,458.9
2019-04-10,458.9,461.6,455.6,457.6
2019-04-11,457.6,462.4,456.9,461.6
2019-04-12,461.6,465.1,457.6,464.6
2019-04-15,464.6,464.6,457.9,459.6
2019-04-16,459.6,460.1,442.4,444.9
2019-04-17,444.9,449.9,444.9,447.6
2019-04-18,447.6,448.1,439.4,445.3
2019-04-22,445.3,445.3,435.4,435.9
2019-04-23,435.9,441.4,433.1,437.9
2019-04-24,437.9,439.6,430,431.4
2019-04-25,431.4,437.3,428.4,434.1
2019-04-26,434.1,439.1,433.1,434.4
2019-04-29,434.4,439.8,425.3,425.3
2019-04-30,425.3,434.4,420,428.9
2019-05-01,428.9,437.9,428.4,436.4
2019-05-02,436.4,448.6,435.6,444.6
2019-05-03,444.6,447.9,436.1,437.8
2019-05-06,437.8,439.6,428.1,437.9
2019-05-07,437.9,442.1,431.4,440.6
2019-05-08,440.6,443.4,434.6,437.9
2019-05-09,437.9,437.9,428.1,429.1
2019-05-10,429.1,434.4,421.6,424.4
2019-05-13,424.4,440.6,418.6,436.1
2019-05-14,436.1,450.6,436.1,450.4
2019-05-15,450.4,463.9,447.1,448.4
2019-05-16,448.4,468.4,446.6,468.4
2019-05-17,468.4,472.9,462.8,463.1
2019-05-20,463.1,484.1,463.1,480.4
2019-05-21,480.4,492.6,474.1,476.1
2019-05-22,476.1,480.9,468.6,472.4
2019-05-23,472.4,485.4,466.1,469.4
2019-05-24,469.4,490.7,467.2,490.4
2019-05-28,490.4,509.2,490.4,503.4
2019-05-29,503.4,521.7,487.7,487.9
2019-05-30,487.9,514.9,482.2,514
2019-05-31,514,519.9,500.7,504.9
2019-06-03,504.9,522.7,503.2,520.5
2019-06-04,520.5,528.5,501.4,505.9
2019-06-05,505.9,508.4,488.7,492.4
2019-06-06,492.4,513.9,488,511.7
2019-06-07,511.7,512.7,502.2,503.3
2019-06-10,503.3,508.4,493.4,507.2
2019-06-11,507.2,518.7,500.4,518.2
2019-06-12,518.2,528.1,512.9,526.4
2019-06-13,526.4,536.4,524.9,536.2
2019-06-14,536.2,543.9,530.9,539.6
2019-06-17,539.6,549.2,537.7,538.8
2019-06-18,538.8,541.1,525.2,531.3
2019-06-19,531.3,531.3,514.2,521.7
2019-06-20,521.7,529,515.7,527
2019-06-21,527,529.7,523.2,524.2
2019-06-24,524.2,540.1,522.3,538.3
2019-06-25,538.3,545.7,534.2,535.7
2019-06-26,535.7,545.5,532.5,544.6
2019-06-27,544.6,557.4,541.9,546.3
2019-06-28,546.3,554.4,522.4,526
2019-07-01,526,530.5,508.6,511.1
2019-07-02,511.1,515.6,501.4,502.9
2019-07-03,502.9,514.6,501.1,513.6
2019-07-05,513.6,516.9,505.4,516.9
2019-07-08,516.9,518.9,507.4,511.3
2019-07-09,511.3,511.3,498.9,502.1
2019-07-10,502.1,506.6,498.1,504.4
2019-07-11,504.4,522.9,500.4,520.9
2019-07-12,520.9,525.6,516.9,523.4
2019-07-15,523.4,531.4,506.1,508.9
2019-07-16,508.9,509.9,501.2,507.7
2019-07-17,507.7,513.9,502.2,505
2019-07-18,505,505.3,493.2,493.9
2019-07-19,493.9,516.7,492.7,503
2019-07-22,503,504.4,487.2,487.9
2019-07-23,487.9,493.4,483.4,487.4
2019-07-24,487.4,498.7,487.4,496.9
2019-07-25,496.9,507.7,492.4,500.2
2019-07-26,500.2,500.3,493.7,495.9
2019-07-29,495.9,507.2,492.8,502.3
2019-07-30,502.3,503.2,495.2,496.7
2019-07-31,496.7,500.7,484.7,486.7
2019-08-01,486.7,488.4,472.2,479.4
2019-08-02,479.4,491.3,475.9,491.1
2019-08-05,491.1,495.2,479.4,494.1
2019-08-06,494.1,495.9,482.9,484.7
2019-08-07,484.7,490.1,477.7,489.8
2019-08-08,489.8,502.7,486.2,498.4
2019-08-09,498.4,505.4,496.2,500.2
2019-08-12,500.2,501.9,466.7,472.3
2019-08-13,472.3,478.4,465.7,472.7
2019-08-14,472.7,480.2,471.4,474.9
2019-08-15,474.9,477.2,468.7,469.9
2019-08-16,469.9,472.9,467.4,470.4
2019-08-19,470.4,470.5,464.2,464.5
2019-08-20,464.5,469,457,458.8
2019-08-21,458.8,463.2,456.2,463
2019-08-22,463,470.5,461,467.2
2019-08-23,467.2,475.7,461.5,475.2
2019-08-26,475.2,480,470.7,472.9
2019-08-27,472.9,477.5,470.9,474.4
2019-08-28,474.4,475.3,466,472.9
2019-08-29,472.9,477.4,471.9,472.9
2019-08-30,472.9,472.9,459.4,461.1
2019-09-03,461.1,462.9,450.6,454.3
2019-09-04,454.3,464.9,454.3,460.4
2019-09-05,460.4,469.6,460.4,466.9
2019-09-06,466.9,466.9,460.4,462.6
2019-09-09,462.6,475.9,460.4,474.6
2019-09-10,474.6,483.4,473.9,482.9
2019-09-11,482.9,482.9,475.1,476.6
2019-09-12,476.6,485.9,472.6,483.9
2019-09-13,483.9,490.9,480.6,482.6
2019-09-16,482.6,489.9,482.1,488.5
2019-09-17,488.5,488.5,480.9,484.9
2019-09-18,484.9,492.4,481.9,489.6
2019-09-19,489.6,491.9,484.6,487.1
2019-09-20,487.1,491,483.6,484.5
2019-09-23,484.5,487.4,481.1,481.6
2019-09-24,481.6,484.1,477.6,480.9
2019-09-25,480.9,482.1,476.4,477.6
2019-09-26,477.6,486.6,476.9,485.9
2019-09-27,485.9,490.4,482.6,486.6
2019-09-30,486.6,500.9,483.1,495.5
2019-10-01,495.5,499.1,489.9,497.4
2019-10-02,497.4,498.9,485.4,488.4
2019-10-03,488.4,492.9,485.9,488.6
2019-10-04,488.6,492.2,486.5,490.9
2019-10-07,490.9,494.3,488.7,489.7
2019-10-08,489.7,502.4,486.9,500.4
2019-10-09,500.4,504.4,497.2,501.3
2019-10-10,501.3,504.2,487.8,491.4
2019-10-11,491.4,512.7,491.4,509.7
2019-10-14,509.7,514.9,506.9,510.9
2019-10-15,510.9,511.2,504.4,507
2019-10-16,507,514.2,504.7,513.9
2019-10-17,513.9,526.9,512.9,524.9
2019-10-18,524.9,532.7,521.2,530.8
2019-10-21,530.8,534.9,522.9,524.2
2019-10-22,524.2,532.2,517.4,517.7
2019-10-23,517.7,523.9,515.9,521.4
2019-10-24,521.4,523.7,515.7,516.9
2019-10-25,516.9,521.9,514.7,516.4
2019-10-28,516.4,518.2,510.2,513.2
2019-10-29,513.2,515.9,508.4,511.4
2019-10-30,511.4,513.9,507.2,509.9
2019-10-31,509.9,512.2,501.2,508.7
2019-11-01,508.7,516.4,506.7,516.4
2019-11-04,516.4,516.4,508.1,510.1
2019-11-05,510.1,515.9,509.1,515.5
2019-11-06,515.5,521.6,513.6,516.9
2019-11-07,516.9,519.6,511.1,512.4
2019-11-08,512.4,517.9,505.6,510
2019-11-11,510,510.6,503.9,506.6
2019-11-12,506.6,517.1,505.1,516.8
2019-11-13,516.8,516.8,506.6,508.8
2019-11-14,508.8,513.4,506.7,508.7
2019-11-15,508.7,509.9,502.9,503.9
2019-11-18,503.9,511.9,499.9,508.4
2019-11-19,508.4,516.4,507.3,512.9
2019-11-20,512.9,516.9,509.4,516.4
2019-11-21,516.4,520.6,509.6,509.6
2019-11-22,509.6,519.9,509.6,515.4
2019-11-25,515.4,533.6,515.4,531.5
2019-11-26,531.5,532.4,525.5,529.9
2019-11-27,529.9,533.1,526.1,526.3
2019-11-29,526.3,545.9,526.3,542.1
2019-12-02,542.1,543.6,534.4,537.3
2019-12-03,537.3,541.2,524.4,525.4
2019-12-04,525.4,529.7,522.5,528
2019-12-05,528,530,523,524
2019-12-06,524,526.8,519.3,523.9
2019-12-09,523.9,526.3,520.6,523.1
2019-12-10,523.1,528.1,519.9,523.4
2019-12-11,523.4,523.9,516.9,518.9
2019-12-12,518.9,534.5,516.7,530.8
2019-12-13,530.8,536.7,526,533
2019-12-16,533,557,533,549.8
2019-12-17,549.8,557.5,545.5,554.5
2019-12-18,554.5,555.3,545.6,548.3
2019-12-19,548.3,553.9,544.6,546.1
2019-12-20,546.1,549.4,539.4,543.2
2019-12-23,543.2,547.5,539.5,540.6
2019-12-24,540.6,545.5,539.3,541.9
2019-12-26,541.9,552.6,541.1,551.1
2019-12-27,551.1,561.6,550.6,558.1
2019-12-30,558.1,565.4,552.4,556.2
2019-12-31,556.2,560.4,554,560.2
2020-01-02,560.2,568.2,559.2,560.5
2020-01-03,560.5,562.8,552.5,556
2020-01-06,556,556.3,547.8,551.8
2020-01-07,551.8,551.9,546.5,551.6
2020-01-08,551.6,556.7,546.4,554.5
2020-01-09,554.5,565,554,563.7
2020-01-10,563.7,569.2,557.1,565.4
2020-01-13,565.4,567,559.8,562.3
2020-01-14,562.3,574,560.3,569.9
2020-01-15,569.9,579.8,569.6,575.1
2020-01-16,575.1,575.1,561.3,566.5
2020-01-17,566.5,573.9,565.4,572.1
2020-01-21,572.1,583.9,568.1,583.6
2020-01-22,583.6,593.6,575.6,578.6
2020-01-23,578.6,584,576.5,580.5
2020-01-24,580.5,582.7,570.7,570.7
2020-01-27,570.7,574.1,560.6,574.1
2020-01-28,574.1,577.5,566.5,569.8
2020-01-29,569.8,573.9,561.9,562.4
2020-01-30,562.4,563.1,551.8,561.1
2020-01-31,561.1,566.5,553.5,554
2020-02-03,554,558.4,547.1,554.1
2020-02-04,554.1,564.5,554,558
2020-02-05,558,563.9,555.9,561.7
2020-02-06,561.7,565.7,555.8,556.6
2020-02-07,556.6,563,553.5,559.1
2020-02-10,559.1,560.8,551,551
2020-02-11,551,551.3,539,541
2020-02-12,541,548.9,538.4,547.4
2020-02-13,547.4,550.5,541,544.7
2020-02-14,544.7,549.4,542.2,544.7
2020-02-18,544.7,570.4,544.7,566.9
2020-02-19,566.9,566.9,552.6,565.1
2020-02-20,565.1,566.6,557.3,559.3
2020-02-21,559.3,568.1,549.8,551
2020-02-24,551,551,533.3,537
2020-02-25,537,540.3,529.5,539.8
2020-02-26,539.8,541,533.3,538.2
2020-02-27,538.2,538.2,526.4,526.4
2020-02-28,526.4,526.4,512.6,525.3
2020-03-02,525.3,528.4,516.4,524.1
2020-03-03,524.1,533.9,521.1,533.9
2020-03-04,533.9,533.9,516.9,518.4
2020-03-05,518.4,523.9,514.6,517.9
2020-03-06,517.9,520.9,510.1,513.5
2020-03-09,513.5,522.6,506.1,520.5
2020-03-10,520.5,524.9,514.1,521.8
2020-03-11,521.8,524.6,511.9,512.4
2020-03-12,512.4,512.4,497.4,505.4
2020-03-13,505.4,513.6,499.4,505.4
2020-03-16,505.4,507.1,491.9,498.1
2020-03-17,498.1,506.6,494.6,498.9
2020-03-18,498.9,511.9,494.6,506.5
2020-03-19,506.5,540.5,506.5,534.4
2020-03-20,534.4,546.8,533,540.4
2020-03-23,540.4,562.9,537.2,561.4
2020-03-24,561.4,562,549.5,560.2
2020-03-25,560.2,582.5,556.3,579
2020-03-26,579,581.9,563.6,567.8
2020-03-27,567.8,585.6,562.3,571.6
2020-03-30,571.6,579.2,560.9,567.8
2020-03-31,567.8,573.7,562.7,566.1
2020-04-01,566.1,570,544.8,549.5
2020-04-02,549.5,551.6,536.5,542.1
2020-04-03,542.1,554.5,540.5,549.2
2020-04-06,549.2,559.8,548.6,553.8
2020-04-07,553.8,553.8,543.2,547.3
2020-04-08,547.3,551.7,542.9,547.3
2020-04-09,547.3,556.8,544.5,556.4
2020-04-13,556.4,562.5,550.7,553.1
2020-04-14,553.1,555.1,544.1,546.3
2020-04-15,546.3,547,528.3,539
2020-04-16,539,543.4,526.6,526.9
2020-04-17,526.9,534.8,523.3,534.1
2020-04-20,534.1,560.7,534.1,546.7
2020-04-21,546.7,555.6,540.7,546.1
2020-04-22,546.1,548.6,537.1,542.1
2020-04-23,542.1,550.5,537.5,546.9
2020-04-24,546.9,550,525.2,529.1
2020-04-27,529.1,529.6,517.9,520.1
2020-04-28,520.1,529.6,518.8,527.1
2020-04-29,527.1,527.1,510.6,516.1
2020-04-30,516.1,525.1,506.9,523.6
2020-05-01,523.6,523.6,514,515.7
2020-05-04,515.7,521.3,506.1,521.1
2020-05-05,521.1,522.8,512.5,519.8
2020-05-06,519.8,521.8,513.3,516.6
2020-05-07,516.6,527.2,516.6,521.4
2020-05-08,521.4,525.2,517.4,523.2
2020-05-11,523.2,528.3,516.8,517
2020-05-12,517,518.6,508.4,514.6
2020-05-13,514.6,514.6,501,502.2
2020-05-14,502.2,506.6,497.6,503
2020-05-15,503,508.9,498.4,500.4
2020-05-18,500.4,503.4,494.7,498.3
2020-05-19,498.3,502.3,497.3,499.8
2020-05-20,499.8,518.5,497,516
2020-05-21,516,524.8,513,516.5
2020-05-22,516.5,517,504.4,509.6
2020-05-26,509.6,513.6,505.8,509.1
2020-05-27,509.1,512.9,502.7,506.2
2020-05-28,506.2,520,505.3,515.8
2020-05-29,515.8,523.9,513.4,523.1
2020-06-01,523.1,523.1,513.1,516.9
2020-06-02,516.9,518.4,508.4,510.6
2020-06-03,510.6,517,508.2,513.9
2020-06-04,513.9,530.6,513.6,526.5
2020-06-05,526.5,529.4,514.9,517.2
2020-06-08,517.2,519.5,510.5,513.7
2020-06-09,513.7,516.2,503,506
2020-06-10,506,511.4,504.9,509.4
2020-06-11,509.4,511.6,500.9,501.8
2020-06-12,501.8,507.3,498.1,504.1
2020-06-15,504.1,508.3,500.3,507.2
2020-06-16,507.2,510.4,494.1,498.6
2020-06-17,498.6,498.8,490.6,491.8
2020-06-18,491.8,495.5,483.8,486.5
2020-06-19,486.5,489.2,479.9,485
2020-06-22,485,489.6,481.6,489.3
2020-06-23,489.3,492.4,483.2,490.1
2020-06-24,490.1,491.9,483.9,484.3
2020-06-25,484.3,493.1,482.9,489.1
2020-06-26,489.1,490.6,471.9,477.1
2020-06-29,477.1,491.3,475.1,487.5
2020-06-30,487.5,498.6,481.1,491.1
2020-07-01,491.1,499.7,489,499.7
2020-07-02,499.7,499.7,488.8,492.2
2020-07-06,492.2,497,488.3,493.5
2020-07-07,493.5,500.4,490.4,495.4
2020-07-08,495.4,517.2,495.2,517
2020-07-09,517,531.8,516.3,525.6
2020-07-10,525.6,539.7,521.4,534.7
2020-07-13,534.7,536.3,523.3,525.5
2020-07-14,525.5,534.5,523.6,527.6
2020-07-15,527.6,552.7,527.6,552.5
2020-07-16,552.5,552.7,535.1,536.5
2020-07-17,536.5,541.3,532.1,536.6
2020-07-20,536.6,536.7,518.4,523.2
2020-07-21,523.2,533,519.8,528.8
2020-07-22,528.8,540.9,525.4,536.8
2020-07-23,536.8,537.7,528.7,531.5
2020-07-24,531.5,545.6,531.5,545.6
2020-07-27,545.6,545.6,528.9,529.3
2020-07-28,529.3,531.6,521.4,525.4
2020-07-29,525.4,535.3,525.4,535.3
2020-07-30,535.3,536.9,527.4,531.7
2020-07-31,531.7,537.4,530.9,537.4
2020-08-03,537.4,537.4,519.6,524.1
2020-08-04,524.1,524.1,510.6,511
2020-08-05,511,515.8,509,513.8
2020-08-06,513.8,518,504,504.2
2020-08-07,504.2,506.9,493.9,499.2
2020-08-10,499.2,500.6,493.6,494.6
2020-08-11,494.6,502.4,494.4,498.8
2020-08-12,498.8,502.2,492.2,495
2020-08-13,495,505.3,493.5,500.8
2020-08-14,500.8,512.3,498.2,505.1
2020-08-17,505.1,522.4,505.1,521.6
2020-08-18,521.6,522.8,508.5,513.5
2020-08-19,513.5,520.3,512,517.8
2020-08-20,517.8,526.7,512.8,526.3
2020-08-21,526.3,534.3,521.6,534.3
2020-08-24,534.3,540,523.5,527.5
2020-08-25,527.5,540.5,527.5,534.3
2020-08-26,534.3,539.9,530.7,538.7
2020-08-27,538.7,551.4,538.4,550.1
2020-08-28,550.1,555.4,547.5,548.1
2020-08-31,548.1,560.1,548.1,551.6
2020-09-01,551.6,568.5,548.5,563.7
2020-09-02,563.7,566.1,555,558.6
2020-09-03,558.6,561.1,550.9,553.7
2020-09-04,553.7,556.5,547,551.2
2020-09-08,551.2,551.5,543.2,545.2
2020-09-09,545.2,550.1,542.3,544.1
2020-09-10,544.1,557.4,543.6,549.4
2020-09-11,549.4,553,540.8,543
2020-09-14,543,547.9,541.1,547.4
2020-09-15,547.4,548,535.1,539.5
2020-09-16,539.5,544.1,534.6,543.5
2020-09-17,543.5,558.4,538.7,557.7
2020-09-18,557.7,577.5,557,577.5
2020-09-21,577.5,579.6,551.9,556.6
2020-09-22,556.6,568.5,552,559
2020-09-23,559,562.1,549.1,550.8
2020-09-24,550.8,555.9,542.9,551.9
2020-09-25,551.9,554.3,545.8,546.7
2020-09-28,546.7,553.6,539.9,552.6
2020-09-29,552.6,555.2,548.2,551.7
2020-09-30,551.7,589,549.5,580
2020-10-01,580,585.7,570.7,573.4
2020-10-02,573.4,578.9,563.8,576
2020-10-05,576,590.1,575.4,587
2020-10-06,587,604.2,582.2,594.6
2020-10-07,594.6,614.1,591.1,609.8
2020-10-08,609.8,619.5,596.1,597.6
2020-10-09,597.6,609.3,591.3,596.7
2020-10-12,596.7,601.8,589.8,597.6
2020-10-13,597.6,606.8,593.5,596.3
2020-10-14,596.3,602.8,590.1,599.3
2020-10-15,599.3,622.1,599.3,620.8
2020-10-16,620.8,633.3,618.1,628.6
2020-10-19,628.6,639.2,622.7,629.5
2020-10-20,629.5,640.9,626.1,634.4
2020-10-21,634.4,639.8,631,632.3
2020-10-22,632.3,634.5,623.8,625
2020-10-23,625,637.8,622,635
2020-10-26,635,635.2,618.2,621.7
2020-10-27,621.7,629.1,617.1,617.2
2020-10-28,617.2,617.2,603.5,612
2020-10-29,612,613.1,600.6,606
2020-10-30,606,609.3,597.3,600.5
2020-11-02,600.5,611.3,593,609.5
2020-11-03,609.5,618.3,605.7,609.9
2020-11-04,609.9,612.4,599.4,607.7
2020-11-05,607.7,627.8,607.7,611
2020-11-06,611,617.9,603.9,604.4
2020-11-09,604.4,609.1,597.6,599.1
2020-11-10,599.1,615.4,596.6,611.1
2020-11-11,611.1,616.2,598.4,601.2
2020-11-12,601.2,601.7,590.5,591.2
2020-11-13,591.2,599.9,583.6,596.3
2020-11-16,596.3,604.7,589.9,601.7
2020-11-17,601.7,607.4,596.6,599.6
2020-11-18,599.6,608.3,597,601.8
2020-11-19,601.8,605,594.8,597
2020-11-20,597,603.3,595.1,597.6
2020-11-23,597.6,609.8,597.6,604.8
2020-11-24,604.8,617.7,599.4,616.9
2020-11-25,616.9,622.1,593.4,593.5
2020-11-27,593.5,607.6,593.5,607.6
2020-11-30,607.6,609.1,584.4,585.1
2020-12-01,585.1,588.9,574.1,577.6
2020-12-02,577.6,592.4,574.9,587.6
2020-12-03,587.6,591.1,579.9,584.6
2020-12-04,584.6,585.4,575.4,575.6
2020-12-07,575.6,579.6,565.6,576.6
2020-12-08,576.6,577.1,569.4,569.9
2020-12-09,569.9,584.9,567.4,583.4
2020-12-10,583.4,599.6,583.4,597.1
2020-12-11,597.1,619.3,590.1,614.1
2020-12-14,614.1,621.9,595.9,596.4
2020-12-15,596.4,605.6,594.4,600.6
2020-12-16,600.6,607.6,589.9,598.6
2020-12-17,598.6,610.1,598.6,608.1
2020-12-18,608.1,614.6,604.6,607.9
2020-12-21,607.9,615.1,596.6,610.6
2020-12-22,610.6,619.6,603.1,616.1
2020-12-23,616.1,633.9,610.6,629.4
2020-12-24,629.4,633.9,623.6,628
2020-12-28,628,631.4,607.1,614.9
2020-12-29,614.9,623.1,611.4,618.1
2020-12-30,618.1,643.4,614.1,640.1
2020-12-31,640.1,644.4,632.6,640.6
2021-01-04,640.6,650.1,634.1,642.9
2021-01-05,642.9,664.5,639.6,653.4
2021-01-06,653.4,660.4,646.1,647.1
2021-01-07,647.1,648.1,638.1,642.8
2021-01-08,642.8,649.4,634.1,639.1
2021-01-11,639.1,651.4,628.9,635.1
2021-01-12,635.1,670,634.1,663.1
2021-01-13,663.1,680.8,656.4,660
2021-01-14,660,673.4,653.1,670.1
2021-01-15,670.1,693.1,664.5,675.6
2021-01-19,675.6,691.4,668.9,672.9
2021-01-20,672.9,676,656.6,667.4
2021-01-21,667.4,674.6,658.9,661.1
2021-01-22,661.1,661.1,633.1,633.1
2021-01-25,633.1,651.5,624.6,648.4
2021-01-26,648.4,667.8,641.4,665.4
2021-01-27,665.4,672.6,652.6,658.1
2021-01-28,658.1,664.6,643.4,647.4
2021-01-29,647.4,664.9,643.1,664.1
2021-02-01,664.1,670.9,646.1,651.1
2021-02-02,651.1,656.6,640.6,645.4
2021-02-03,645.4,649.6,625.9,648.1
2021-02-04,648.1,650.4,633.2,637.2
2021-02-05,637.2,647.6,632.4,641.6
2021-02-08,641.6,657.9,641.6,657.4
2021-02-09,657.4,661.1,640.6,650.1
2021-02-10,650.1,651.5,628,635.8
2021-02-11,635.8,646.1,633.3,634.3
2021-02-12,634.3,644.6,633.6,638.4
2021-02-16,638.4,660.9,638.4,660.9
2021-02-17,660.9,661.6,640.8,647.3
2021-02-18,647.3,668.2,644.2,664.8
2021-02-19,664.8,671.4,651.6,654.4
2021-02-22,654.4,668.3,653.8,666.8
2021-02-23,666.8,670.4,660.1,669.7
2021-02-24,669.7,687.9,668.4,684.4
2021-02-25,684.4,685.9,666.4,675.4
2021-02-26,675.4,675.4,658.4,659.4
2021-03-01,659.4,666.3,647.7,650.4
2021-03-02,650.4,668.5,645.3,666
2021-03-03,666,666,650.4,655.4
2021-03-04,655.4,661.2,646.7,650.1
2021-03-05,650.1,659.7,646,651.4
2021-03-08,651.4,661.5,638.5,644.8
2021-03-09,644.8,656.4,642.4,655.4
2021-03-10,655.4,655.5,640.1,650.8
2021-03-11,650.8,654.4,637.6,640.6
2021-03-12,640.6,644,636,644
2021-03-15,644,645.9,634.4,642.7
2021-03-16,642.7,645.8,630.1,645.1
2021-03-17,645.1,647.4,637.4,638.1
2021-03-18,638.1,638.3,626.9,627.2
2021-03-19,627.2,633.3,619.6,619.6
2021-03-22,619.6,628.2,619,625.2
2021-03-23,625.2,641.8,618.8,631.8
2021-03-24,631.8,635.8,621.3,621.8
2021-03-25,621.8,622.7,606.4,609
2021-03-26,609,616,605.5,610.5
2021-03-29,610.5,614.7,604.5,614
2021-03-30,614,614,597.6,598.1
2021-03-31,598.1,628.6,590.4,615
2021-04-01,615,622.5,598.4,606.8
2021-04-05,606.8,624.88,606.8,618.38
2021-04-06,618.38,624.5,611,612.5
2021-04-07,612.5,617,606.7,613
2021-04-08,613,628.6,613,627.1
2021-04-09,627.1,643.8,624.5,643.8
2021-04-12,643.8,643.8,623.13,627.88
2021-04-13,627.88,637.13,627.88,629.63
2021-04-14,629.63,655.63,629.63,648.5
2021-04-15,648.5,657.63,639,653.38
2021-04-16,653.38,659.63,648.38,648.38
2021-04-19,648.38,660.63,648.38,653
2021-04-20,653,678.88,650.38,659.38
2021-04-21,659.38,678.63,658.63,673.5
2021-04-22,673.5,713.38,672.13,709.38
2021-04-23,709.38,714.63,701.13,714.63
2021-04-26,714.63,745.13,713.25,739.13
2021-04-27,739.13,773.13,727,732.75
2021-04-28,732.75,743.75,713.38,725.75
2021-04-29,725.75,738.5,712.75,738.5
2021-04-30,738.5,738.5,717.38,735.63
2021-05-03,735.63,753.38,713.5,719.63
2021-05-04,719.63,732.88,716.38,726.63
2021-05-05,726.63,746,718.38,744.13
2021-05-06,744.13,754.75,731.88,753
2021-05-07,753,767.25,745.5,761.63
2021-05-10,761.63,761.63,727.38,730.63
2021-05-11,730.63,749.13,722.88,742.63
2021-05-12,742.63,751.25,724.38,729.75
2021-05-13,729.75,734.13,690.75,703.63
2021-05-14,703.63,724.38,699.63,706.75
2021-05-17,706.75,707.38,692.13,700.38
2021-05-18,700.38,718.13,692.38,698.25
2021-05-19,698.25,699.13,671.38,679.25
2021-05-20,679.25,687.88,672.38,675.38
2021-05-21,675.38,677.38,666,673.38
2021-05-24,673.38,673.38,653.38,661.88
2021-05-25,661.88,667.13,646.88,656.88
2021-05-26,656.88,657.25,639.63,647.63
2021-05-27,647.63,679.63,647.63,675.75
2021-05-28,675.75,678.63,661.38,661.38
2021-06-01,661.38,702,661.38,694.13
2021-06-02,694.13,701.5,681.63,686.88
2021-06-03,686.88,699.13,669.63,676.88
2021-06-04,676.88,690.13,676.13,686.75
2021-06-07,686.75,704,678.63,679.63
2021-06-08,679.63,699.13,679.63,685.88
2021-06-09,685.88,686.13,673.63,682.63
2021-06-10,682.63,689,672.75,682.38
2021-06-11,682.38,688.13,669.63,681.13
2021-06-14,681.13,681.13,657.13,674.25
2021-06-15,674.25,676.38,649.13,658.88
2021-06-16,658.88,672.63,658.63,662.63
2021-06-17,662.63,666.88,637.25,637.5
2021-06-18,637.5,668.63,637.5,668.63
2021-06-21,668.63,673.5,646.63,662.25
2021-06-22,662.25,672.75,650.75,651.38
2021-06-23,651.38,668.25,651.38,661.5
2021-06-24,661.5,661.5,642.13,650.63
2021-06-25,650.63,656.75,635.63,635.88
2021-06-28,635.88,654.88,635.88,644
2021-06-29,644,657.75,638.25,641
2021-06-30,641,680.88,632.63,680
2021-07-01,680,694.13,664.88,665.75
2021-07-02,665.75,672.75,648.38,648.38
2021-07-06,648.38,648.38,615.75,624.13
2021-07-07,624.13,634.38,617.88,621.88
2021-07-08,621.88,627.63,616.63,618.13
2021-07-09,618.13,620.63,609.63,614.13
2021-07-12,614.13,645.5,610.38,641.25
2021-07-13,641.25,644.63,630.75,633.75
2021-07-14,633.75,657.5,632.5,654.63
2021-07-15,654.63,673.38,651.38,671.63
2021-07-16,671.63,696.13,670.88,693.88
2021-07-19,693.88,709,693.88,699.63
2021-07-20,699.63,717.88,698.13,701.13
2021-07-21,701.13,711.63,700.13,711.38
2021-07-22,711.38,711.38,681.88,691.88
2021-07-23,691.88,696.63,681.63,684.13
2021-07-26,684.13,684.13,665.38,677.75
2021-07-27,677.75,690.13,671.88,675.38
2021-07-28,675.38,696.38,673.88,688.88
2021-07-29,688.88,706.63,688.88,704.63
2021-07-30,704.63,711.25,695,703.38
2021-08-02,703.38,731.75,703.38,730.38
2021-08-03,730.38,734.88,717.88,724.13
2021-08-04,724.13,738.63,714.63,717.63
2021-08-05,717.63,725.38,709.88,712.88
2021-08-06,712.88,724.63,709.38,724.63
2021-08-09,724.63,724.63,708.38,710.63
2021-08-10,710.63,729.88,708.5,726.38
2021-08-11,726.38,732.13,718.88,726.88
2021-08-12,726.88,762,722.88,754.5
2021-08-13,754.5,774.63,747.88,760.63
2021-08-16,760.63,770.25,757.63,760.5
2021-08-17,760.5,763.88,732.38,734.25
2021-08-18,734.25,740.63,721.88,737.38
2021-08-19,737.38,737.38,716.13,726.38
2021-08-20,726.38,732.63,709.38,709.38
2021-08-23,709.38,730.75,709.38,720.13
2021-08-24,720.13,723.5,710.63,718.13
2021-08-25,718.13,719.63,704.25,711.38
2021-08-26,711.38,725.63,709.13,725.13
2021-08-27,725.13,731.13,717.88,719.13
2021-08-30,719.13,728.38,707.25,708.25
2021-08-31,708.25,725.63,707.13,721.63
2021-09-01,721.63,729.38,709.13,714.38
2021-09-02,714.38,721.13,705.75,717.38
2021-09-03,717.38,726.88,712.38,726.88
2021-09-07,726.88,733.38,714.13,720.13
2021-09-08,720.13,723.88,707.38,710.25
2021-09-09,710.25,711.13,691.63,692.5
2021-09-10,692.5,695.75,677.38,688.5
2021-09-13,688.5,689.63,679.13,687.13
2021-09-14,687.13,701.5,685.38,700.88
2021-09-15,700.88,714.63,695.75,711.63
2021-09-16,711.63,716.63,705.13,713.38
2021-09-17,713.38,715.88,706.63,708.88
2021-09-20,708.88,710.5,695.88,700.63
2021-09-21,700.63,701.13,686.13,690.13
2021-09-22,690.13,706.88,688.13,705.63
2021-09-23,705.63,719.63,704.25,717.88
2021-09-24,717.88,725.63,711.63,723.38
2021-09-27,723.38,728.63,720.63,722.88
2021-09-28,722.88,726.63,706.13,706.63
2021-09-29,706.63,717.63,706.63,710.5
2021-09-30,710.5,732.38,701.25,725.13
2021-10-01,725.13,755.63,722.63,755.63
2021-10-04,755.63,763.38,748.63,756.63
2021-10-05,756.63,757.13,744.38,744.38
2021-10-06,744.38,756.63,742.38,745.63
2021-10-07,745.63,752.38,739.63,741.13
2021-10-08,741.13,746.13,732.88,733.75
2021-10-11,733.75,739.38,731.13,731.38
2021-10-12,731.38,743.63,718.88,733.88
2021-10-13,733.88,737.88,712.63,718.88
2021-10-14,718.88,729.38,718.38,725.13
2021-10-15,725.13,740.38,722.38,733.63
2021-10-18,733.63,738.63,728.38,736.38
2021-10-19,736.38,745.25,735.25,735.75
2021-10-20,735.75,750.13,735.75,749.13
2021-10-21,749.13,752.63,738.38,741.63
2021-10-22,741.63,759.13,741.63,759.13
2021-10-25,759.13,766.88,753.25,759.88
2021-10-26,759.88,764.88,747.38,752.13
2021-10-27,752.13,762.75,745.13,759.88
2021-10-28,759.88,779.88,751.63,772.88
2021-10-29,772.88,779.75,763.63,772.63
2021-11-01,772.63,800.38,768.38,798.63
2021-11-02,798.63,807,790.88,791.13
2021-11-03,791.13,796.63,777.63,780.75
2021-11-04,780.75,794.38,772.38,774.38
2021-11-05,774.38,781.38,765.88,765.88
2021-11-08,765.88,772.88,762.63,768.38
2021-11-09,768.38,781.13,764.63,778.38
2021-11-10,778.38,803.38,778.38,803.13
2021-11-11,803.13,824.88,798.5,812.25
2021-11-12,812.25,826.63,805.63,826.63
2021-11-15,826.63,829.63,813.38,826.38
2021-11-16,826.38,827.38,809.88,810.38
2021-11-17,810.38,834.88,810.38,822.38
2021-11-18,822.38,843.13,819.13,819.63
2021-11-19,819.63,830.88,813.63,823.38
2021-11-22,823.38,848.13,823.38,846.38
2021-11-23,846.38,856.38,838.13,856.38
2021-11-24,856.38,863.38,833.38,837.13
2021-11-26,837.13,837.13,810.13,830.38
2021-11-29,830.38,840.63,805,807
2021-11-30,807,823.63,782.63,786.88
2021-12-01,786.88,799.13,785.63,789.38
2021-12-02,789.38,820.38,789.38,816.13
2021-12-03,816.13,822.63,796.63,803.88
2021-12-06,803.88,811.88,789.5,806.88
2021-12-07,806.88,813.25,797.63,808.38
2021-12-08,808.38,812.13,790.63,794.88
2021-12-09,794.88,796.13,770.88,776.75
2021-12-10,776.75,788.13,767.88,784.75
2021-12-13,784.75,793.88,775.88,788.75
2021-12-14,788.75,792,777.38,787.13
2021-12-15,787.13,787.13,750.88,755.63
2021-12-16,755.63,772.88,751.13,770.38
2021-12-17,770.38,780.13,765.38,774.75
2021-12-20,774.75,778.75,757.75,777.63
2021-12-21,777.63,799.88,772.38,797.88
2021-12-22,797.88,817.13,792.38,813.63
2021-12-23,813.63,820.5,808.13,814.63
2021-12-27,814.63,823.88,802.38,804.88
2021-12-28,804.88,807.88,781.88,783.5
2021-12-29,783.5,793.13,774.13,787.5
2021-12-30,787.5,791.88,776,780
2021-12-31,780,787.88,769.63,770.13
2022-01-03,770.13,782.25,753,758.13
2022-01-04,758.13,771.13,756.25,769.38
2022-01-05,769.38,771.63,756.13,761.25
2022-01-06,761.25,761.5,736.13,746.63
2022-01-07,746.63,759.88,735.63,759.88
2022-01-10,759.88,767.38,748.38,761.88
2022-01-11,761.88,770.38,758.5,769.63
2022-01-12,769.63,769.88,753.38,757.63
2022-01-13,757.63,757.63,741.13,747.38
2022-01-14,747.38,747.38,737.13,742
2022-01-18,742,769.63,741.63,769.63
2022-01-19,769.63,797.13,769.63,797.13
2022-01-20,797.13,802.63,783.88,789.63
2022-01-21,789.63,790.88,778.88,790.88
2022-01-24,790.88,801.63,776.38,800.88
2022-01-25,800.88,831.38,800.63,817.88
2022-01-26,817.88,817.88,787.13,794.38
2022-01-27,794.38,795.38,774.13,776.13
2022-01-28,776.13,793.13,774.88,793.13
2022-01-31,793.13,798.63,756.88,761.13
2022-02-01,761.13,776.88,760.63,769.38
2022-02-02,769.38,778.13,749.38,754.88
2022-02-03,754.88,756.38,740.13,752.38
2022-02-04,752.38,767.13,748.63,763.63
2022-02-07,763.63,776.5,760.13,769.13
2022-02-08,769.13,781.75,754.25,778.13
2022-02-09,778.13,788.13,770.63,784.63
2022-02-10,784.63,801.63,765.63,771.63
2022-02-11,771.63,806.38,764.63,806.38
2022-02-14,806.38,813.38,780.63,798.25
2022-02-15,798.25,801.38,773.25,778.38
2022-02-16,778.38,786.63,773.75,779.88
2022-02-17,779.88,799.13,775.75,797.88
2022-02-18,797.88,812,790.13,812
2022-02-22,812,846,803.13,840.75
2022-02-23,840.75,880,834.25,876.13
2022-02-24,876.13,940.5,876.13,926.13
2022-02-25,926.13,953,841.13,843
2022-02-28,843,934.88,843,933.13
2022-03-01,933.13,984.13,932.38,984.13
2022-03-02,984.13,1059.5,984.13,1059.13
2022-03-03,1059.13,1134.13,1059.13,1134.13
2022-03-04,1134.13,1210,1134.13,1209.13
2022-03-07,1209.13,1295.38,1209.13,1294.13
2022-03-08,1294.13,1362.13,1162,1283.38
2022-03-09,1283.38,1284.63,1199.5,1201.38
2022-03-10,1201.38,1220.88,1079.88,1083.88
2022-03-11,1083.88,1126.13,1043.63,1106
2022-03-14,1106,1147.5,1063.88,1093.75
2022-03-15,1093.75,1160.63,1087.88,1156.38
2022-03-16,1156.38,1156.63,1069.13,1069.13
2022-03-17,1069.13,1108.13,1031.88,1097.38
2022-03-18,1097.38,1105.75,1055.5,1062.75
2022-03-21,1062.75,1149.13,1062,1118.88
2022-03-22,1118.88,1169.25,1102.5,1118
2022-03-23,1118,1138.88,1101.5,1105.63
2022-03-24,1105.63,1115.25,1080.38,1086.38
2022-03-25,1086.38,1108.88,1064.88,1102.38
2022-03-28,1102.38,1102.38,1047.25,1054.63
2022-03-29,1054.63,1067.88,971.88,1012.88
2022-03-30,1012.88,1041.5,1002.25,1027.13
2022-03-31,1027.13,1073.88,1003.75,1007.88
2022-04-01,1007.88,1032.5,983.13,984.5
2022-04-04,984.5,1014.38,984.5,1008.5
2022-04-05,1008.5,1073.88,1008.5,1047.25
2022-04-06,1047.25,1056.38,1024.13,1039.88
2022-04-07,1039.88,1044.38,1017.63,1020.38
2022-04-08,1020.38,1053.88,1017,1053.88
2022-04-11,1053.88,1091.75,1053.88,1080.25
2022-04-12,1080.25,1117.5,1074.5,1105.25
2022-04-13,1105.25,1123.88,1078.75,1113.5
2022-04-14,1113.5,1127.63,1094.88,1094.88
2022-04-18,1094.88,1134.75,1094.88,1120.5
2022-04-19,1120.5,1134.75,1096.63,1099
2022-04-20,1099,1109.5,1066.63,1089
2022-04-21,1089,1092.63,1052.5,1066
2022-04-22,1066,1076.75,1052.63,1065.75
2022-04-25,1065.75,1079.88,1045.88,1061.88
2022-04-26,1061.88,1096.63,1061.88,1083.75
2022-04-27,1083.75,1086.88,1068,1080.5
2022-04-28,1080.5,1094.13,1069.75,1072.63
2022-04-29,1072.63,1102.25,1054.38,1054.38
2022-05-02,1054.38,1071.38,1034.25,1055.88
2022-05-03,1055.88,1068.88,1044.13,1046.13
2022-05-04,1046.13,1088.5,1042.38,1075.25
2022-05-05,1075.25,1121.88,1075.25,1105.38
2022-05-06,1105.38,1127.63,1087.88,1108.75
2022-05-09,1108.75,1134.88,1090.13,1091.75
2022-05-10,1091.75,1106.75,1083.13,1092.75
2022-05-11,1092.75,1126.5,1092.75,1114.13
2022-05-12,1114.13,1183.13,1102.88,1179.13
2022-05-13,1179.13,1198.38,1158.75,1177.5
2022-05-16,1177.5,1248.75,1177.5,1247.63
2022-05-17,1247.63,1283.75,1201.13,1278.5
2022-05-18,1278.5,1279.75,1211.63,1231.13
2022-05-19,1231.13,1247.63,1193.63,1200
2022-05-20,1200,1206.63,1168.13,1169.13
2022-05-23,1169.13,1196.38,1169.13,1190.88
2022-05-24,1190.88,1208.75,1138.13,1156.5
2022-05-25,1156.5,1158.5,1114.75,1148.5
2022-05-26,1148.5,1160.13,1115.13,1143.63
2022-05-27,1143.63,1170.25,1133.5,1170.25
2022-05-31,1170.25,1170.25,1087.38,1087.38
2022-06-01,1087.38,1097.63,1027.38,1040.88
2022-06-02,1040.88,1074.75,1037.63,1058.75
2022-06-03,1058.75,1069.25,1036.5,1040.13
2022-06-06,1040.13,1108.63,1040.13,1093.13
2022-06-07,1093.13,1100.75,1058.5,1070.38
2022-06-08,1070.38,1088.75,1062.13,1076
2022-06-09,1076,1082.13,1044.25,1071.5
2022-06-10,1071.5,1081.38,1053.13,1072.13
2022-06-13,1072.13,1093.38,1054,1070.63
2022-06-14,1070.63,1072.63,1046.63,1050
2022-06-15,1050,1058.75,1036.63,1049.63
2022-06-16,1049.63,1084.63,1047.13,1078.75
2022-06-17,1078.75,1083.5,1031.75,1032.38
2022-06-21,1032.38,1033.13,973.63,975.25
2022-06-22,975.25,1007.13,960.25,976
2022-06-23,976,976,934.88,936
2022-06-24,936,962.13,921.63,921.63
2022-06-27,921.63,940,900.75,903.63
2022-06-28,903.63,935.63,903.63,921.75
2022-06-29,921.75,939.75,913.88,915.75
2022-06-30,915.75,939.5,881.25,885.5
2022-07-01,885.5,896.13,844.88,846.13
2022-07-05,846.13,846.13,804.63,806.63
2022-07-06,806.63,836.63,785.38,806.5
2022-07-07,806.5,845.38,806.5,836.38
2022-07-08,836.38,894.63,836.38,892.5
2022-07-11,892.5,940.38,854.75,855.88
2022-07-12,855.88,869.63,812.38,813.63
2022-07-13,813.63,840.25,807.5,810
2022-07-14,810,829.25,792.13,794.75
2022-07-15,794.75,804.63,765.88,777.88
2022-07-18,777.88,824.88,777.88,812.38
2022-07-19,812.38,822.25,792.38,811.88
2022-07-20,811.88,843.13,801.13,819.25
2022-07-21,819.25,833.88,795.75,806.13
2022-07-22,806.13,807.25,757.88,758.75
2022-07-25,758.75,793.13,758.75,770.63
2022-07-26,770.63,804.88,770.63,803.75
2022-07-27,803.75,818.38,782.13,790.75
2022-07-28,790.75,824,787.5,816.75
2022-07-29,816.75,845.5,801,801
2022-08-01,801,820.13,781.38,800.88
2022-08-02,800.88,800.88,773,774.25
2022-08-03,774.25,789.88,752.13,763.63
2022-08-04,763.63,789.5,758.38,782.63
2022-08-05,782.63,796.63,769.63,775.75
2022-08-08,775.75,793.75,760.75,780.75
2022-08-09,780.75,801.5,772.88,780.38
2022-08-10,780.38,808.38,780.38,800.38
2022-08-11,800.38,820.38,794.38,811.38
2022-08-12,811.38,811.38,782.13,806.5
2022-08-15,806.5,806.5,778,801.25
2022-08-16,801.25,810.5,782.88,785.88
2022-08-17,785.88,797,759.63,763.13
2022-08-18,763.13,766.38,725.88,731.63
2022-08-19,731.63,756.38,727.38,756.38
2022-08-22,756.38,774.13,744.5,770.88
2022-08-23,770.88,802.25,767.75,782.38
2022-08-24,782.38,799.63,775,795.75
2022-08-25,795.75,803.13,768.25,768.75
2022-08-26,768.75,790.25,764.38,785.13
2022-08-29,785.13,827,774.5,820.25
2022-08-30,820.25,824.38,793.5,798
2022-08-31,798,839,798,831.13
2022-09-01,831.13,835.3,791.5,794.8
2022-09-02,794.8,820,794.8,810.8
2022-09-06,810.8,825.68,802.18,818.18
2022-09-07,818.18,874.63,810.38,844.88
2022-09-08,844.88,858.1,819.23,829.98
2022-09-09,829.98,873.68,827.43,872.43
2022-09-12,872.43,879.38,850.13,858.63
2022-09-13,858.63,877.83,852.08,862.08
2022-09-14,862.08,875.65,851.4,873.65
2022-09-15,873.65,886.35,845.6,846.98
2022-09-16,846.98,868.8,832.93,862.8
2022-09-19,862.8,863.38,822,832.25
2022-09-20,832.25,899.2,829.83,896.95
2022-09-21,896.95,922.4,876.03,907.53
2022-09-22,907.53,925.63,894.25,914.13
2022-09-23,914.13,916.1,880.23,882.73
2022-09-26,882.73,893.8,857.55,860.18
2022-09-27,860.18,897.88,860.18,875.5
2022-09-28,875.5,908.73,865.48,906.98
2022-09-29,906.98,918.08,891.45,900.2
2022-09-30,900.2,949.43,896.43,949.43
2022-10-03,949.43,949.43,912.53,915.4
2022-10-04,915.4,930.98,901.48,906.48
2022-10-05,906.48,924.08,898.7,905.7
2022-10-06,905.7,912.15,877.78,883.53
2022-10-07,883.53,901.48,877.23,885.73
2022-10-10,885.73,954.43,885.73,942.43
2022-10-11,942.43,942.43,903.13,906.75
2022-10-12,906.75,908.95,882.2,887.08
2022-10-13,887.08,911.78,868.53,897.78
2022-10-14,897.78,904.23,862.98,864.73
2022-10-17,864.73,883.53,861.28,867.03
2022-10-18,867.03,871.95,838.83,855.95
2022-10-19,855.95,869.13,842.13,848.13
2022-10-20,848.13,862.3,843.8,856.18
2022-10-21,856.18,869.85,840.23,869.85
2022-10-24,869.85,869.85,841.03,846.28
2022-10-25,846.28,852.33,834.33,841.83
2022-10-26,841.83,854.63,832.13,849.13
2022-10-27,849.13,866.43,841.93,846.68
2022-10-28,846.68,848.85,831.23,838.1
2022-10-31,838.1,901.78,838.1,890.78
2022-11-01,890.78,913.08,876.83,909.83
2022-11-02,909.83,911.25,847.38,855.5
2022-11-03,855.5,859.03,837.78,851.15
2022-11-04,851.15,865.68,844.18,857.8
2022-11-07,857.8,874.23,844.6,857.35
2022-11-08,857.35,865.78,835.78,838.28
2022-11-09,838.28,845.43,816.93,817.93
2022-11-10,817.93,827.55,807.43,815.05
2022-11-11,815.05,831.68,811.8,825.68
2022-11-14,825.68,841.43,817.43,831.43
2022-11-15,831.43,856.43,812.55,841.68
2022-11-16,841.68,842.3,815.43,831.43
2022-11-17,831.43,831.43,808.2,820.45
2022-11-18,820.45,830.75,814.63,818
2022-11-21,818,823.53,801.03,814.15
2022-11-22,814.15,821.78,805.65,807.28
2022-11-23,807.28,813.53,797.03,809.53
2022-11-25,809.53,816.9,788.53,788.53
2022-11-28,788.53,792.65,768.78,775.9
2022-11-29,775.9,791.88,775.9,781.38
2022-11-30,781.38,799.13,781.38,794.63
2022-12-01,794.63,796.48,781.23,782.73
2022-12-02,782.73,783.08,756.08,761.08
2022-12-05,761.08,768.18,734.43,739.18
2022-12-06,739.18,743.53,724.28,730.03
2022-12-07,730.03,756.63,726.63,749.88
2022-12-08,749.88,756.1,737.98,746.6
2022-12-09,746.6,753.08,731.45,734.08
2022-12-12,734.08,760.68,734.08,755.68
2022-12-13,755.68,770.03,751.03,751.28
2022-12-14,751.28,752.63,738.63,750.13
2022-12-15,750.13,768.23,746.23,758.35
2022-12-16,758.35,765.58,752.2,755.08
2022-12-19,755.08,761.05,739.93,750.18
2022-12-20,750.18,762.78,746.15,752.28
2022-12-21,752.28,776,750.13,769.38
2022-12-22,769.38,778.23,759.73,763.98
2022-12-23,763.98,779.58,760.83,777.58
2022-12-27,777.58,786.28,771.03,776.53
2022-12-28,776.53,789.63,772.75,787.5
2022-12-29,787.5,788.48,767.48,775.73
2022-12-30,775.73,801.08,773.83,794.33
2023-01-03,794.33,797.03,772.15,778.78
2023-01-04,778.78,782.88,746.88,747.38
2023-01-05,747.38,754.48,738.73,749.6
2023-01-06,749.6,759.58,745.83,746.33
2023-01-09,746.33,760.68,743.43,744.43
2023-01-10,744.43,745.4,723.53,732.78
2023-01-11,732.78,745.13,727.63,742.88
2023-01-12,742.88,750.35,726.48,745.85
2023-01-13,745.85,751.58,740.83,740.83
2023-01-17,740.83,759.28,732.28,755.03
2023-01-18,755.03,763.63,743.88,746
2023-01-19,746,752.23,737.73,738.1
2023-01-20,738.1,745.58,731.45,745.45
2023-01-23,745.45,745.45,716.3,723.93
2023-01-24,723.93,743.03,723.53,738.28
2023-01-25,738.28,750.38,738.28,745.13
2023-01-26,745.13,762.1,742.23,756.35
2023-01-27,756.35,757.58,748.45,753.83
2023-01-30,753.83,766.55,747.8,756.43
2023-01-31,756.43,771.13,746.63,765.75
2023-02-01,765.75,767.08,749.33,763.83
2023-02-02,763.83,775.53,755.28,766.28
2023-02-03,766.28,781.73,755.98,761.73
2023-02-06,761.73,771.78,750.78,755.15
2023-02-07,755.15,762.58,750.2,755.08
2023-02-08,755.08,771.88,753.88,771.13
2023-02-09,771.13,776.58,762.58,763.58
2023-02-10,763.58,796.28,761.28,793.15
2023-02-13,793.15,802.48,782.73,797.98
2023-02-14,797.98,804.18,790.43,792.18
2023-02-15,792.18,794.23,773.98,775.23
2023-02-16,775.23,778.78,769.53,771.53
2023-02-17,771.53,779.18,767.43,772.93
2023-02-21,772.93,781.5,757.88,758.13
2023-02-22,758.13,763.35,742.35,745.73
2023-02-23,745.73,755.13,744.13,748.63
2023-02-24,748.63,751.73,717.98,718.98
2023-02-27,718.98,723.75,705.63,710
2023-02-28,710,714.88,702.63,705.13
2023-03-01,705.13,714.48,701.73,710.48
2023-03-02,710.48,722.08,708.83,712.83
2023-03-03,712.83,715.93,706.55,709.05
2023-03-06,709.05,711.28,694.03,695.65
2023-03-07,695.65,703.88,690.13,698.38
2023-03-08,698.38,700.08,684.83,688.45
2023-03-09,688.45,692.53,665.28,666.78
2023-03-10,666.78,681.23,662.23,681.23
2023-03-13,681.23,697.18,668.43,685.68
2023-03-14,685.68,701.13,678.88,697.88
2023-03-15,697.88,707.58,694.58,704.2
2023-03-16,704.2,704.78,693.53,700.53
2023-03-17,700.53,714.73,699.73,712.23
2023-03-20,712.23,712.23,697.43,702.68
2023-03-21,702.68,707.78,683.53,685.03
2023-03-22,685.03,686.48,656.73,665.73
2023-03-23,665.73,678.18,660.18,664.68
2023-03-24,664.68,703.48,659.23,703.48
2023-03-27,703.48,709.68,683.68,701.43
2023-03-28,701.43,708.23,695.1,703.48
2023-03-29,703.48,728.03,700.53,708.78
2023-03-30,708.78,714.08,694.58,696.33
2023-03-31,696.33,705.63,685.75,696.25
2023-04-03,696.25,714.93,696.25,698.43
2023-04-04,698.43,706.48,693.23,696.48
2023-04-05,696.48,698.65,680.28,687.03
2023-04-06,687.03,689.58,677.08,681.33
2023-04-10,681.33,693.93,674.43,685.18
2023-04-11,685.18,692.73,672.98,680.6
2023-04-12,680.6,690.55,680.05,686.55
2023-04-13,686.55,686.93,671.43,673.93
2023-04-14,673.93,690.88,668.13,690.63
2023-04-17,690.63,704.08,681.95,703.83
2023-04-18,703.83,714.38,696.88,705.88
2023-04-19,705.88,706.4,689.03,689.65
2023-04-20,689.65,692.8,674.93,676.18
2023-04-21,676.18,682.18,666.8,666.8
2023-04-24,666.8,677.95,652.45,652.83
2023-04-25,652.83,657.1,638.73,649.1
2023-04-26,649.1,655.75,638.88,640
2023-04-27,640,645.13,625.38,629.63
2023-04-28,629.63,638.88,624.38,633.63
2023-05-01,633.63,635.45,614.08,618.33
2023-05-02,618.33,626.78,608.03,609.53
2023-05-03,609.53,642.73,604.48,640.98
2023-05-04,640.98,651.42,629.92,645.42
2023-05-05,645.42,664.63,644.75,661.38
2023-05-08,661.38,670.08,653.83,655.08
2023-05-09,655.08,655.08,634.28,644.78
2023-05-10,644.78,649.23,631.35,642.98
2023-05-11,642.98,642.98,627.17,629.17
2023-05-12,629.17,655.88,628.13,636.88
2023-05-15,636.88,665.83,634.83,663.58
2023-05-16,663.58,666.28,642.53,649.78
2023-05-17,649.78,656.48,618.73,627.23
2023-05-18,627.23,629.17,608.42,614.42
2023-05-19,614.42,623.63,605.13,605.13
2023-05-22,608.13,616.83,599.58,609.08
2023-05-23,609.08,628.03,597.78,625.4
2023-05-24,625.4,627.98,605.98,609.98
2023-05-25,609.98,620.4,603.03,608.03
2023-05-26,608.03,622.58,606.83,622.45
2023-05-30,622.45,622.45,593.67,595.42
2023-05-31,595.42,600.23,578.48,598.85
2023-06-01,598.85,622.9,598.4,616.28
2023-06-02,616.28,628.08,608.08,624.95
2023-06-05,624.95,637.38,621.88,630.13
2023-06-06,630.13,654.17,627.55,634.3
2023-06-07,634.3,641.85,619.73,623.48
2023-06-08,623.48,635.67,618.3,633.17
2023-06-09,633.17,639.48,625.73,637.73
2023-06-12,637.73,645.92,629.67,641.42
2023-06-13,641.42,656.73,634.35,643.98
2023-06-14,643.98,646.78,632.78,638.53
2023-06-15,638.53,673.23,636.48,669.98
2023-06-16,669.98,705.18,666.43,696.18
2023-06-20,696.18,709.08,685.33,705.08
2023-06-21,705.08,744.83,705.08,744.08
2023-06-22,744.08,757.08,735.83,749.7
2023-06-23,749.7,749.7,729.33,743.83
2023-06-26,743.83,767.98,730.35,734.48
2023-06-27,734.48,737.88,693.38,697
2023-06-28,697,705.65,666.15,668.53
2023-06-29,668.53,677.88,664.75,668.13
2023-06-30,668.13,680.63,648.25,651.13
2023-07-03,651.13,656.18,640.55,641.67
2023-07-05,641.67,680.78,641.67,675.53
2023-07-06,675.53,675.53,653.08,658.83
2023-07-07,658.83,663.38,645.25,663.38
2023-07-10,651.13,661.68,644.42,647.92
2023-07-11,647.92,667.23,646.23,662.48
2023-07-12,662.48,665.03,635.03,635.03
2023-07-13,635.03,647.33,624.7,642.7
2023-07-14,642.7,666.23,640.98,664.48
2023-07-17,664.48,692.78,654.53,657.03
2023-07-18,657.03,678.68,646.55,673.3
2023-07-19,673.3,735.58,668.95,729.95
2023-07-20,729.95,755.13,715.75,732.25
2023-07-21,732.25,738.03,699.03,699.03
2023-07-24,699.03,762.93,699.03,762.93
2023-07-25,762.93,782.83,742.2,767.08
2023-07-26,767.08,767.08,715.23,725.98
2023-07-27,725.98,746.48,719.1,719.73
2023-07-28,719.73,727.48,696.23,711.48
2023-07-31,711.48,711.48,667.98,674.1
2023-08-01,674.1,682.95,651.58,661.2
2023-08-02,661.2,692.68,644.92,648.92
2023-08-03,648.92,657.5,635.88,637.5
2023-08-04,637.5,664.08,637.5,643.58
2023-08-07,664.08,674.68,646.92,668.43
2023-08-08,668.43,673.53,654.28,666.28
2023-08-09,666.28,670.25,645.63,648
2023-08-10,648,656.58,647.83,650.58
2023-08-11,650.58,652.78,637.53,640.03
2023-08-14,640.03,648.98,619.48,627.85
2023-08-15,627.85,631.55,610.67,612.67
2023-08-16,612.67,623,607.13,614.38
2023-08-17,614.38,616.95,602.58,605.95
2023-08-18,605.95,632.78,605.95,632.78
2023-08-21,632.78,638.23,613.48,616.48
2023-08-22,616.48,629.1,613.23,621.23
2023-08-23,621.23,636.53,617.78,631.9
2023-08-24,631.9,635.63,618.88,625.38
2023-08-25,625.38,631.2,609.2,615.08
2023-08-28,615.08,622.5,607,611.25
2023-08-29,611.25,615.15,594.53,595.53
2023-08-30,595.53,610.63,595.53,605.63
2023-08-31,605.63,615.63,593.88,601.25
2023-09-01,601.25,612.92,595.67,596.42
2023-09-05,596.42,606.53,593.28,601.4
2023-09-06,601.4,616.98,600.73,611.23
2023-09-07,611.23,616.08,600.33,600.95
2023-09-08,600.95,605.53,593.28,598.53
2023-09-11,598.53,601.08,584.08,587.83
2023-09-12,587.83,595.73,575.23,591.6
2023-09-13,591.6,607.13,590.25,601
2023-09-14,601,603.92,589.92,598.67
2023-09-15,598.67,614.48,598.67,611.48
2023-09-18,611.48,611.67,595.17,596.92
2023-09-19,596.92,601.33,589.83,592.45
2023-09-20,592.45,605.7,591.33,598.2
2023-09-21,598.2,600.35,585.73,586.23
2023-09-22,586.23,594.08,584.45,591.33
2023-09-25,591.33,602.58,586.58,602.08
2023-09-26,602.08,610.23,597.1,602.98
2023-09-27,602.98,609,592.88,594.38
2023-09-28,594.38,598.85,590.98,594.35
2023-09-29,594.35,602.33,556.83,557.7
2023-10-02,557.7,585.28,557.7,584.65
2023-10-03,584.65,594.58,582.45,588.08
2023-10-04,588.08,589.53,571.78,579.15
2023-10-05,579.15,600.48,579.15,596.98
2023-10-06,596.98,600.17,586.92,588.8
2023-10-09,588.8,602,588.8,592.75
2023-10-10,592.75,595.08,576.33,579.08
2023-10-11,579.08,581.65,572.03,577.65
2023-10-12,577.65,595.35,568.48,593.98
2023-10-13,593.98,607.3,591.05,601.42
2023-10-16,601.42,609.78,596.65,599.65
2023-10-17,599.65,603.88,590.13,592.5
2023-10-18,592.5,605.58,592.5,603.08
2023-10-19,603.08,616.17,598.67,615.8
2023-10-20,615.8,626.15,606.03,606.03
2023-10-23,608.03,617.13,604.13,608.63
2023-10-24,608.63,609.73,594.73,600.85
2023-10-25,600.85,608.33,589.45,590.58
2023-10-26,590.58,603.03,585.78,603.03
2023-10-27,603.03,604.88,593.38,598.63
2023-10-30,598.63,599.48,587.73,588.23
2023-10-31,588.23,589.8,577.17,580.55
2023-11-01,580.55,587.63,577.63,584.63
2023-11-02,584.63,592.58,580.58,587.7
2023-11-03,587.7,597.78,587.15,597.78
2023-11-06,597.78,601.38,590.38,599.13
2023-11-07,599.13,605.98,587.98,595.48
2023-11-08,595.48,622.33,593.83,613.83
2023-11-09,613.83,614.45,596.83,605.08
2023-11-10,605.08,606.55,594.67,599.17
2023-11-13,599.17,605.67,591.17,603.05
2023-11-14,603.05,608.67,594.17,595.92
2023-11-15,595.92,603.28,580.78,584.78
2023-11-16,584.78,584.78,571.08,578.58
2023-11-17,578.58,582.15,571.53,571.53
2023-11-20,571.53,578.15,565.53,569.28
2023-11-21,569.28,581.58,566.45,580.45
2023-11-22,580.45,588.48,579.6,582.73
2023-11-24,582.73,582.73,572.7,576.33
2023-11-27,576.33,579.83,553.95,559.95
2023-11-28,559.95,572.5,555,571.75
2023-11-29,571.75,587.38,571.38,586.38
2023-11-30,586.38,598.88,581.88,598.88
2023-12-01,598.88,610.33,589.33,602.58
2023-12-04,602.58,626.78,600.78,618.78
2023-12-05,618.78,636.98,616.98,630.48
2023-12-06,630.48,649.95,626.7,633.08
2023-12-07,633.08,645.55,622.42,643.42
2023-12-08,643.42,645.78,629.53,632.78
2023-12-11,632.78,634.13,608.38,609.88
2023-12-12,609.88,629.85,609.48,626.85
2023-12-13,626.85,627.58,603.58,607.83
2023-12-14,607.83,620.67,607.83,617.92
2023-12-15,617.92,631.28,612.28,631.03
2023-12-18,631.03,633,616.13,619.88
2023-12-19,619.88,625.73,612.98,625.1
2023-12-20,625.1,626.83,610.83,612.95
2023-12-21,612.95,618.92,612.17,614.3
2023-12-22,614.3,620.15,612.78,617.9
2023-12-26,617.9,641.73,614.1,639.48
2023-12-27,639.48,639.48,621.58,626.33
2023-12-28,626.33,638.55,624.17,634.42
2023-12-29,634.42,635.78,624.03,630.28
2024-01-02,630.28,631.33,607.58,610.45
2024-01-03,610.45,612.53,601.28,604.03
2024-01-04,604.03,617.48,594.48,615.6
2024-01-05,615.6,624.58,614.7,619.2
2024-01-08,619.2,620.17,596.17,599.92
2024-01-09,599.92,617.25,597.63,612.88
2024-01-10,612.88,615.33,607.58,613.58
2024-01-11,613.58,618.53,606.03,608.03
2024-01-12,608.03,615.73,591.48,599.98
2024-01-16,599.98,606.75,581.38,586.25
2024-01-17,586.25,600.58,582.58,586.33
2024-01-18,586.33,591.78,578.28,589.28
2024-01-19,589.28,602.88,589.28,598.38
2024-01-22,598.38,605.23,592.23,599.98
2024-01-23,599.98,611.95,599.08,603.58
2024-01-24,603.58,617.42,601.92,616.8
2024-01-25,616.8,622.53,612.03,617.03
2024-01-26,617.03,619.38,597.88,606.38
2024-01-29,606.38,607.23,593.23,600.23
2024-01-30,600.23,612.42,590.42,610.3
2024-01-31,610.3,611.03,597.53,601.78
2024-02-01,601.78,609,593.13,606.63
2024-02-02,606.63,617.48,601.98,605.98
2024-02-05,605.98,606.7,593.08,597.33
2024-02-06,597.33,603.55,594.42,601.3
2024-02-07,601.3,613.03,597.28,607.03
2024-02-08,607.03,608.4,590.28,597.28
2024-02-09,597.28,611.67,594.3,602.92
2024-02-12,602.92,608.98,594.48,603.6
2024-02-13,603.6,609.42,598.17,604.3
2024-02-14,604.3,604.3,583.15,590.9
2024-02-15,590.9,590.9,570.28,570.65
2024-02-16,570.65,575.98,561.73,564.98
2024-02-20,564.98,588.28,558.65,584.53
2024-02-21,584.53,587.13,576.63,585.38
2024-02-22,585.38,601.28,581.03,585.03
2024-02-23,585.03,592.78,573.03,573.9
2024-02-26,573.9,578.15,561.53,575.65
2024-02-27,575.65,590.48,574.23,584.85
2024-02-28,584.85,584.85,571.63,576.13
2024-02-29,576.13,581.25,568.88,576.25
2024-03-01,576.25,576.85,555.73,557.48
2024-03-04,557.48,568.08,553.33,564.08
2024-03-05,564.08,565.42,546.55,552.17
2024-03-06,552.17,552.17,530.03,532.78
2024-03-07,532.78,539.23,528.73,529.48
2024-03-08,529.48,543.42,527.3,537.92
2024-03-11,537.92,551.38,524.5,548.88
2024-03-12,548.88,557.17,542.67,550.17
2024-03-13,550.17,555.38,538.38,544.5
2024-03-14,544.5,544.5,530.17,534.8
2024-03-15,534.8,539.48,528.98,530.98
2024-03-18,530.98,546.28,529.53,544.65
2024-03-19,544.65,556.33,541.83,556.33
2024-03-20,556.33,556.33,540.13,548.88
2024-03-21,548.88,555.55,543.67,551.42
2024-03-22,551.42,562.73,543.23,558.23
2024-03-25,558.23,570.78,553.53,559.53
2024-03-26,559.53,561.58,546.95,547.33
2024-03-27,547.33,553.88,543.38,552.13
2024-03-28,552.13,573.17,549.42,566.55
2024-04-01,566.55,567.9,552.53,563.53
2024-04-02,563.53,568.42,549.42,551.3
2024-04-03,551.3,565.83,546.58,562.08
2024-04-04,562.08,569.23,555.98,563.48
2024-04-05,563.48,581.63,562.13,574.38
2024-04-08,574.38,580.38,566.38,573
2024-04-09,573,573,561.33,565.58
2024-04-10,565.58,575,563.88,565.88
2024-04-11,565.88,568.28,557.4,560.65
2024-04-12,560.65,571.33,558.2,564.58
2024-04-15,564.58,564.58,553.48,561.1
2024-04-16,561.1,566.48,552.23,559.85
2024-04-17,559.85,564.88,546,548.13
2024-04-18,548.13,554.53,544.9,547.03
2024-04-19,547.03,569.65,546.65,561.28
2024-04-22,561.28,590.88,560.25,582.5
2024-04-23,582.5,598.17,578.17,596.55
2024-04-24,596.55,611.58,591.95,608.83
2024-04-25,608.83,619.17,607.92,616.42
2024-04-26,616.42,629.8,613.55,618.42
2024-04-29,618.42,623.13,602.63,608.25
2024-04-30,608.25,608.25,595.63,604.5
2024-05-01,604.5,608.92,593.92,600.05
2024-05-02,600.05,616.1,596.23,603.85
2024-05-03,603.85,633.28,603.85,623.78
2024-05-06,623.78,651.42,610.92,646.92
2024-05-07,646.92,655.33,637.83,644.95
2024-05-08,644.95,651.23,630.48,636.6
2024-05-09,636.6,649.88,634.38,639.88
2024-05-10,639.88,668.03,639.88,666.28
2024-05-13,666.28,697.2,657.83,689.7
2024-05-14,689.7,699.48,671.48,678.6
2024-05-15,678.6,700.88,666.38,670.88
2024-05-16,670.88,685.78,661.28,667.53
2024-05-17,667.53,681.18,655.68,655.68
2024-05-20,655.68,696.58,655.68,693.08
2024-05-21,693.08,706.1,687.73,703.98
2024-05-22,703.98,722.63,694.63,700.5
2024-05-23,700.5,708.9,689.03,706.9
2024-05-24,706.9,712.68,696.3,703.43
2024-05-28,703.43,727.48,701.23,710.35
2024-05-29,710.35,714.13,696.38,701.13
2024-05-30,701.13,702.03,682.03,689.03
2024-05-31,689.03,700.15,682.78,687.28
2024-06-03,687.28,706.93,676.93,682.55
2024-06-04,682.55,691.05,667.68,668.3
2024-06-05,668.3,674.18,652.92,655.93
2024-06-06,655.93,664.93,649.17,649.67
2024-06-07,649.67,649.92,629.92,638.92
2024-06-10,638.92,638.92,618.17,618.67
2024-06-11,618.67,645.38,618.13,638.38
2024-06-12,638.38,640.4,623.65,627.4
2024-06-13,627.4,640.42,625.8,632.17
2024-06-14,632.17,635.98,624.73,626.23
2024-06-17,626.23,626.23,604.17,604.67
2024-06-18,604.67,609.35,594.23,594.73
2024-06-20,594.73,596.83,580.33,585.08
2024-06-21,585.08,593.85,572.48,575.48
2024-06-24,575.48,577.48,561.35,567.35
2024-06-25,567.35,571.78,555.78,555.9
2024-06-26,555.9,570.28,555.53,556.78
2024-06-27,556.78,581.38,556.78,580.63
2024-06-28,580.63,586.38,565.88,574.38
2024-07-01,574.38,592.03,568.28,589.9
2024-07-02,589.9,590.67,579.42,582.8
2024-07-03,582.8,589.83,574.08,574.7
2024-07-05,574.7,594.13,574.7,592.63
2024-07-08,592.63,593.03,568.53,572.65
2024-07-09,572.65,581.67,572.3,574.55
2024-07-10,574.55,575.33,559.58,564.08
2024-07-11,564.08,584.35,563.1,575.1
2024-07-12,575.1,575.1,554.38,554.38
2024-07-15,554.38,555.28,535.53,535.53
2024-07-16,535.53,542.17,530.3,534.67
2024-07-17,534.67,551.92,533.3,546.92
2024-07-18,546.92,552.17,538.67,540.8
2024-07-19,540.8,542.3,537.92,541.67
2024-07-22,541.67,559.67,541.67,554.17
2024-07-23,554.17,559.03,547.53,549.15
2024-07-24,549.15,562.88,544.88,555.25
2024-07-25,555.25,557.73,544.48,545.35
2024-07-26,545.35,550.08,531.33,532.08
2024-07-29,532.08,542.03,524.03,539.78
2024-07-30,539.78,539.78,527.13,532.63
2024-07-31,532.63,544.48,526.23,537.48
2024-08-01,537.48,545.83,531.08,544.58
2024-08-02,544.58,552.17,540.42,551.17
2024-08-05,551.17,553.9,532.28,553.03
2024-08-06,553.03,561.88,545,557.5
2024-08-07,557.5,562.25,548.13,552.75
2024-08-08,552.75,558.48,546.73,550.73
2024-08-09,550.73,566.58,550.73,556.58
2024-08-12,556.58,562.05,543.42,551.55
2024-08-13,551.55,554.28,541.03,544.78
2024-08-14,544.78,553.5,540.38,552.75
2024-08-15,552.75,564.53,544.03,544.28
2024-08-16,544.28,550.42,540.42,546.92
2024-08-19,546.92,548.28,539.65,546.4
2024-08-20,546.4,553.98,544.35,552.48
2024-08-21,552.48,555.58,538.08,540.33
2024-08-22,540.33,543.9,522.53,530.28
2024-08-23,530.28,534.48,521.98,522.98
2024-08-26,522.98,527.85,517.1,518.98
2024-08-27,518.98,534.15,516.9,531.15
2024-08-28,531.15,541.63,531.15,539.25
2024-08-29,539.25,549.35,535.23,547.98
2024-08-30,547.98,553.58,546.08,551.58
2024-09-03,551.58,568.53,545.28,567.65
2024-09-04,567.65,583.83,564.83,581.58
2024-09-05,581.58,581.88,568.38,576.25
2024-09-06,576.25,581.92,567.67,568.92
2024-09-09,568.92,572.17,562.92,570.55
2024-09-10,570.55,580.98,568.48,576.1
2024-09-11,576.1,585.03,575.03,582.28
2024-09-12,582.28,594.83,576.45,582.58
2024-09-13,582.58,602.13,581.63,597.88
2024-09-16,597.88,599.75,578.25,582.38
2024-09-17,582.38,588.42,575.67,580.92
2024-09-18,580.92,587.23,577.73,580.48
2024-09-19,580.48,582.03,568.78,571.15
2024-09-20,571.15,580.83,570.58,573.83
2024-09-23,580.83,591.98,574.85,587.23
2024-09-24,587.23,595.28,581.28,584.53
2024-09-25,584.53,597.33,580.08,596.2
2024-09-26,596.2,602.63,589.38,589.88
2024-09-27,589.88,590.17,582.17,586.67
2024-09-30,586.67,597.83,582.83,590.58
2024-10-01,590.58,609.88,584.63,604.63
2024-10-02,604.63,624.92,604.17,621.3
2024-10-03,621.3,625.23,609.48,611.85
2024-10-04,611.85,612.25,595.63,598.13
2024-10-07,598.13,604.13,593.13,602.63
2024-10-08,602.63,608.28,597.03,603.78
2024-10-09,603.78,614.42,603.78,610.55
2024-10-10,610.55,619.58,608.83,612.95
2024-10-11,612.95,621.73,603.23,609.48
2024-10-14,609.48,611.98,595.23,597.85
2024-10-15,597.85,598.38,589.63,592.63
2024-10-16,592.63,599.05,587.05,595.92
2024-10-17,595.92,603.73,588.48,601.85
2024-10-18,601.85,607.78,582.78,585.03
2024-10-21,585.03,596.92,583.67,585.42
2024-10-22,585.42,591.85,578.98,588.98
2024-10-23,588.98,596.03,579.78,592.03
2024-10-24,592.03,597.83,588.83,595.58
2024-10-25,595.58,599.5,580.13,582.88
2024-10-28,582.88,585.78,572.28,573.53
2024-10-29,573.53,587.33,572.83,586.2
2024-10-30,586.2,595.63,579.25,587.88
2024-10-31,587.88,589.17,578.8,587.42
2024-11-01,587.42,593.23,579.98,583.48
2024-11-04,583.48,591.63,581.13,585.38
2024-11-05,585.38,590.83,581.58,588.83
2024-11-06,588.83,594.03,578.65,590.78
2024-11-07,590.78,595.98,581.73,588.48
2024-11-08,588.48,595.33,583.33,589.08
2024-11-11,589.08,589.08,568.67,581.3
2024-11-12,581.3,585.67,565.92,570.3
2024-11-13,570.3,570.3,553.17,557.42
2024-11-14,557.42,560.92,544.92,548.3
2024-11-15,548.3,558.13,547.63,553.88
2024-11-18,553.88,568.08,553.88,564.2
2024-11-19,564.2,575.78,563.03,567.03
2024-11-20,567.03,572.73,561.23,569.98
2024-11-21,569.98,575.38,565.88,566.13
2024-11-22,566.13,569.1,560.98,562.85
2024-11-25,562.85,566.83,548.58,555.95
2024-11-26,555.95,563.35,552.6,558.85
2024-11-27,558.85,558.85,547.48,548.6
2024-11-29,548.6,553.78,543.53,549.78
2024-12-02,549.78,552.83,543.58,548.2
2024-12-03,548.2,557.28,546.65,549.03
2024-12-04,549.03,550.73,541.48,548.6
2024-12-05,548.6,561.67,546.92,559.67
2024-12-06,559.67,561.88,554.75,558.88
2024-12-09,558.88,566.42,555.67,560.3
2024-12-10,560.3,565.38,555.88,563.75
2024-12-11,563.75,571.33,562.58,564.58
2024-12-12,564.58,568.53,558.78,561.28
2024-12-13,561.28,563.48,553.98,554.98
2024-12-16,554.98,562.03,551.53,552.28
2024-12-17,552.28,555.48,545.73,547.85
2024-12-18,547.85,557.42,543.17,544.42
2024-12-19,544.42,545.25,534.13,535.88
2024-12-20,535.88,541.08,533.08,536.58
2024-12-23,536.58,547.88,536.58,544.5
2024-12-24,544.5,545.45,537.83,539.45
2024-12-26,539.45,548.48,538.48,546.48
2024-12-27,546.48,551.92,542.42,551.42
2024-12-30,551.42,559.73,549.48,553.6
2024-12-31,553.6,557.92,552.05,556.3
2025-01-02,556.3,557.33,548.08,550.95
2025-01-03,550.95,552.78,533.53,535.03
2025-01-06,535.03,549.83,535.03,546.33
2025-01-07,546.33,550.53,541.78,549.15
2025-01-08,549.15,551.48,541.23,542.1
2025-01-09,542.1,545.92,536.17,539.3
2025-01-10,539.3,547.88,533.13,537.38
2025-01-13,537.38,552.92,535.92,552.8
2025-01-14,552.8,559.63,550.38,554.13
2025-01-15,554.13,559.08,549.95,554.95
2025-01-16,554.95,554.95,544.78,545.28